name,type,address,latitude,longitude,hours_mon,hours_tue,hours_wed,hours_thu,hours_fri,hours_sat,hours_sun,price_level,wifi,outlets,bathroom,food,large_table,accessible,noise_level,best_for,not_ideal_for,source,last_verified,notes
National Library of the Kyrgyz Republic named after A. Osmonov,library,"208 Jusup Abdrakhmanov St, Bishkek",42.88141025,74.61098316,[paste from Google Maps],09:00-unknown,09:00-unknown,09:00-unknown,09:00-unknown,unknown,unknown,0,unknown,many,yes,no,yes,yes,quiet,"deep work, reading, exam prep","group discussions, phone calls",Research file,2026-10-05,Sanitary day last Friday of each month
Republican Library for Children and Youth named after K. Bayalinov,library,"242 Atay Ogonbaev St, Bishkek",42.87764,74.61054221,09:00-18:00,09:00-18:00,09:00-18:00,09:00-18:00,09:00-18:00,09:00-18:00,09:00-18:00,0,yes,unknown,unknown,no,yes,unknown,quiet,"reading, exam prep, deep work","group discussions, phone calls",Mapcarta + THE TECH,2026-10-05,Sanitary day last Friday monthly. Wi-Fi confirmed by THE TECH.
AUCA Library,library,"7/6 Aaly Tokombaev St, Bishkek",42.81125978,74.62721284,08:00-20:00,08:00-20:00,08:00-20:00,08:00-20:00,08:00-20:00,unknown,unknown,0,unknown,unknown,unknown,unknown,yes,unknown,quiet,"deep work, research, exam prep",unknown,Research file,2026-10-05,PUBLIC ACCESS UNKNOWN — contact library first
Sierra Coffee Manas,cafe,"57/1 Manas Ave, Bishkek","42.874596646470856, 74.58851833937008",74.58851834,unknown,unknown,unknown,unknown,unknown,unknown,unknown,unknown,unknown,unknown,unknown,yes,yes,unknown,moderate,"laptop work, casual study","deep work, silence",Research file,2026-10-05,Verify hours in 2GIS/Google Maps
Adriano Coffee Isanova,cafe,"87 Isanova St, Bishkek",42.87573275,74.59190508,07:30-00:00,07:30-00:00,07:30-00:00,07:30-00:00,07:30-00:00,07:30-00:00,07:30-00:00,unknown,unknown,unknown,unknown,yes,yes,unknown,moderate,"laptop work, meetings","deep work, silence",Research file,2026-10-05,Verify price from current menu
Adriano Coffee Yunusaliev,cafe,"171/1 Yunusaliev Ave, Bishkek",42.8305672,74.62187477,07:30-02:00,07:30-02:00,07:30-02:00,07:30-02:00,07:30-02:00,07:30-02:00,07:30-02:00,unknown,unknown,unknown,unknown,yes,yes,unknown,moderate,"laptop work, late-night study","deep work, silence",Research file,2026-10-05,Average check ~600 som (reported)
Bellagio Coffee Erkindik,cafe,"9 Erkindik Blvd (near Bokonbaev St), Bishkek",42.86713432,74.60672396,unknown,unknown,unknown,unknown,unknown,unknown,unknown,unknown,unknown,unknown,unknown,yes,yes,unknown,moderate,"laptop work, casual study",deep work,Research file,2026-10-05,Verify hours and price
Bellagio Coffee Manas,cafe,"49 Manas Ave, Bishkek",42.87500745,74.60480949,unknown,unknown,unknown,unknown,unknown,unknown,unknown,unknown,unknown,unknown,unknown,yes,yes,unknown,moderate,"laptop work, casual study",deep work,Research file,2026-10-05,Verify hours and price
ololoPlanet,coworking,"80 Yunusaliev St, Bishkek",42.84887192,74.623407,24/7,24/7,24/7,24/7,24/7,24/7,24/7,3,yes,unknown,unknown,unknown,yes,unknown,quiet,"deep work, group projects, long sessions",free study,Research file,2026-10-05,24/7 building access; manager M-F 09:00-18:00
ololoErkindik,coworking,"64B Erkindik Blvd, Bishkek",42.88226241,74.60573755,24/7,24/7,24/7,24/7,24/7,24/7,24/7,3,yes,unknown,unknown,unknown,yes,unknown,quiet,"deep work, group projects, long sessions",free study,Research file,2026-10-05,24/7 access; manager M-F 09:00-18:00
ololoYurt,coworking,"61 Kulatov St, Bishkek",42.86055948,74.59726214,unknown,unknown,unknown,unknown,unknown,unknown,unknown,3,unknown,unknown,unknown,unknown,yes,unknown,unknown,unknown,unknown,Research file,2026-10-05,Verify hours and amenities
ololoOrmonKhan,coworking,"Asanbay microdistrict 27/1, Bishkek",42.81875517,74.62489654,24/7,24/7,24/7,24/7,24/7,24/7,24/7,3,yes,unknown,unknown,unknown,yes,unknown,quiet,"deep work, fast internet",unknown,Research file,2026-10-05,Reviews report 24/7 + fast internet; confirm entry terms and day price
iHub,coworking,"1/4 Baitik Baatyr St, Bishkek",42.83282448,74.60911483,unknown,unknown,unknown,unknown,unknown,unknown,unknown,3,unknown,unknown,unknown,unknown,yes,unknown,unknown,"meetings, group work",unknown,Research file,2026-10-05,Has meeting rooms; verify hours and price
Open Space,coworking,"Chuy Prospekt 150a, Bishkek (4th floor, right wing)",42.876107,74.592208,08:00-22:30,08:00-22:30,08:00-22:30,08:00-22:30,08:00-22:30,08:00-22:30,08:00-22:30,3,yes,unknown,unknown,unknown,yes,unknown,quiet,"deep work, long sessions, meetings",free study,urbanplaces.su,2026-10-05,Conference rooms available. Verify day price.
Technopark Coworking,coworking,"Gorky St 1/2, Bishkek (1st floor)",42.85659963,74.63521454,24/7,24/7,24/7,24/7,24/7,24/7,24/7,3,yes,unknown,unknown,unknown,yes,unknown,quiet,"deep work, long sessions, startups",free study,24.kg + Coworker.com,2026-10-05,"24/7 IT hub. 3500 m², 400 workstations. Free parking."
Biscuit,cafe,"53/2 Aaly Tokombaev St, Bishkek",42.82886,74.62211,08:00-23:00,08:00-23:00,08:00-23:00,08:00-23:00,08:00-23:00,08:00-23:00,08:00-23:00,2,yes,many,yes,yes,yes,unknown,moderate,"laptop work, casual study, breakfast","silence, deep work",Wanderlog + geoview.info,2026-10-05,High-speed Wi-Fi and many power outlets confirmed.
Collab,coworking,"Tokombaeva St 9B, Bishkek (12th floor)",42.815129,74.627126,24/7,24/7,24/7,24/7,24/7,24/7,24/7,3,yes,unknown,unknown,yes,yes,unknown,quiet,"deep work, group projects, events",free study,urbanplaces.su + THE TECH,2026-10-05,24/7 access. On-site café. Conference rooms. Near Botanical Garden.
Raritet (Раритет),bookstore,"Pushkina St 78, Bishkek (basement floor)",42.87669,74.604971,unknown,unknown,unknown,unknown,unknown,unknown,unknown,0,unknown,unknown,unknown,no,yes,no,quiet,"reading, quiet study, deep work","group discussions, laptop work",urbanplaces.su + gorodwiki.ru,2026-10-05,Has seating area and reading room. Not wheelchair accessible (stairs).
Coworking Space Sabi,coworking,"Radishcheva St 35, Bishkek",42.85337978,74.60865643,unknown,unknown,unknown,unknown,unknown,unknown,unknown,3,yes,unknown,unknown,unknown,yes,unknown,quiet,"deep work, creative work, small teams",free study,gorodwiki.ru + THE TECH,2026-10-05,Small mansion converted to office space. 3 floors + basement. Intimate atmosphere.
District Library #9,library,"Chuy Prospekt 111, Bishkek",42.875308,74.632911,unknown,unknown,unknown,unknown,unknown,unknown,unknown,0,yes,unknown,unknown,no,yes,unknown,quiet,"reading, exam prep, free study",group discussions,Beeline official website,2026-10-05,Has free Beeline coworking space inside. Verify hours.